5291.548759,0.000233,-0.000096,624.613842
5292.131796,0.000156,-0.000085,1362.188203
5298.654936,0.000625,0.000000,70795.767862
5298.708759,0.000223,-0.000027,22535.080034
5298.761388,0.000399,-0.000196,13749.253244
5298.814147,0.000515,-0.000306,13749.253244
5298.866887,0.000144,-0.000010,11060.400509
5298.918837,0.000170,-0.000032,11060.400509
5298.971744,0.000225,-0.000068,9516.066743
5299.024283,0.000446,-0.000302,9516.066743
5299.030552,0.000319,-0.000161,8603.319490
5299.241306,0.000119,-0.000000,49162.188793
5299.293549,0.000109,0.000008,6998.521678
5299.345683,0.000099,0.000010,6257.148562
5299.397706,0.000090,0.000013,6257.148562
5299.450239,0.000436,-0.000282,6257.148562
5299.503206,0.000099,-0.000001,6257.148562
5299.555206,0.000108,0.000007,6257.148562
5299.607243,0.000086,-0.000002,6257.148562
5299.611121,0.000127,0.000017,6257.148562
5300.017661,0.000268,-0.000122,7521.135509
5300.595467,0.000220,-0.000055,6257.148562
5301.002342,0.000476,-0.000296,7521.135509
5301.580372,0.000203,-0.000091,6998.521678
5301.986576,0.000419,-0.000265,6319.100999
5302.565426,0.000161,-0.000091,6257.148562
5302.971008,0.000609,-0.000448,6319.100999
5303.550291,0.000313,-0.000170,6998.521678
5303.955542,0.000369,-0.000245,6319.100999
5304.534883,0.000180,-0.000127,6257.148562
5304.939976,0.000623,-0.000483,7521.135509
5305.518947,0.000094,-0.000135,6998.521678
5305.924205,0.000497,-0.000389,7521.135509
5306.503058,0.000096,-0.000083,6257.148562
5306.908954,0.000644,-0.000480,7521.135509
5307.487612,0.000107,-0.000057,6506.020672
5307.893904,0.000672,-0.000554,8038.151176
5308.472068,0.000200,-0.000057,6749.649568
5308.878435,0.000428,-0.000283,6623.129829
5309.457060,0.000204,-0.000077,6749.649568
5309.863065,0.000620,-0.000484,5635.271295
5310.441771,0.000206,-0.000077,6925.648594
5310.847510,0.000400,-0.000267,3697.064985
5311.426080,0.000181,-0.000094,7181.267693
5311.831913,0.000719,-0.000528,3697.064985
5312.410375,0.000155,-0.000096,6829.553826
5312.816141,0.000671,-0.000514,3833.713396
5313.394666,0.000180,-0.000088,4559.543736
5313.801410,0.000470,-0.000357,3196.965744
5314.379224,0.000194,-0.000082,4276.841307
5314.787653,0.000337,-0.000214,3114.597378
5315.364109,0.000208,-0.000106,4575.500734
5315.771977,0.000625,-0.000499,2665.320441
5316.348200,0.000130,-0.000102,4575.500734
5316.756911,0.000631,-0.000541,2860.475539
5317.332336,0.000130,-0.000094,4575.500734
5317.741370,0.000468,-0.000345,2860.475539
5318.316772,0.000190,-0.000104,3702.009036
5318.726285,0.000496,-0.000360,2725.564912
5319.301843,0.000196,-0.000099,3662.401609
5319.710990,0.000670,-0.000529,2458.864410
5320.286290,0.000210,-0.000092,2832.506395
5320.695311,0.000551,-0.000348,2458.864410
5321.271142,0.000209,-0.000132,2714.800588
5321.679681,0.000310,-0.000196,2457.081019
5322.255467,0.000182,-0.000098,1925.886496
5322.664875,0.000690,-0.000564,2457.081019
5323.240241,0.000215,-0.000099,1718.876344
5323.649353,0.000478,-0.000364,2202.742093
5324.225149,0.000221,-0.000112,1718.876344
5324.633811,0.000240,-0.000124,1986.082870
5325.209686,0.000215,-0.000123,1918.767953
5325.618278,0.000465,-0.000358,2202.742093
5326.194103,0.000120,-0.000112,1932.996850
5326.602615,0.000340,-0.000225,2202.742093
5327.178422,0.000130,-0.000104,2350.147860
5327.587564,0.000333,-0.000211,1684.503624
5328.163573,0.000208,-0.000096,2350.147860
5328.572240,0.000516,-0.000391,1605.627567
5329.148630,0.000174,-0.000108,2331.105400
5329.556711,0.000292,-0.000154,1562.600495
5330.133328,0.000175,-0.000102,2331.105400
5330.541024,0.000615,-0.000497,1152.735707
5331.118161,0.000308,-0.000104,2331.105400
5331.525120,0.000572,-0.000448,1134.365366
5332.102768,0.000155,-0.000150,2670.418327
5332.509497,0.000375,-0.000242,1134.365366
5333.087891,0.000195,-0.000115,2595.092537
5333.494443,0.000443,-0.000301,1347.281893
5334.072765,0.000198,-0.000118,2213.228067
5334.479565,0.000374,-0.000245,1287.665157
5335.057522,0.000158,-0.000103,2213.228067
5335.464213,0.000499,-0.000375,1153.522162
5336.041763,0.000153,-0.000107,2213.228067
5336.449193,0.000572,-0.000436,1153.522162
5337.026064,0.000161,-0.000100,2201.428077
5337.433736,0.000271,-0.000146,1086.782811
5338.010646,0.000170,-0.000105,2201.428077
5338.418663,0.000291,-0.000148,1205.850413
5338.994780,0.000152,-0.000098,2201.428077
5339.403331,0.000499,-0.000355,1211.769683
5339.979872,0.000176,-0.000101,1970.778446
5340.388168,0.000584,-0.000423,1139.111062
5340.964823,0.000209,-0.000077,1970.778446
5341.373093,0.000590,-0.000460,1029.492229
5341.949518,0.000198,-0.000092,1970.778446
5342.357383,0.000415,-0.000289,1029.492229
5342.933864,0.000195,-0.000099,1970.778446
5343.341839,0.000218,-0.000064,1029.492229
5343.918603,0.000178,-0.000092,1666.365573
5344.328833,0.000226,-0.000076,1145.030332
5344.903532,0.000193,-0.000139,1970.778446
5345.313820,0.000283,-0.000112,1023.572960
5345.888256,0.000106,-0.000114,1970.778446
5346.297843,0.000193,-0.000067,950.616172
5346.872525,0.000109,-0.000107,1588.290721
5347.282664,0.000305,-0.000155,1143.219160
5347.856905,0.000203,-0.000090,1635.619360
5348.267702,0.000286,-0.000150,1107.596763
5348.841333,0.000199,-0.000093,1865.581216
5349.252816,0.000210,-0.000070,1005.727556
5349.826006,0.000193,-0.000092,1865.581216
5350.237957,0.000718,-0.000549,1069.406420
5350.810197,0.000209,-0.000088,1886.621666
5351.222741,0.000294,-0.000147,1069.406420
5351.794686,0.000226,-0.000090,1886.621666
5352.207832,0.000256,-0.000102,1149.799012
5352.779236,0.000180,-0.000105,1886.621666
5353.192227,0.000576,-0.000418,1194.053952
5353.763470,0.000198,-0.000096,1857.526954
5354.176478,0.000425,-0.000294,1194.053952
5354.748216,0.000201,-0.000107,1759.931804
5355.161242,0.000500,-0.000365,1188.477371
5355.733147,0.000201,-0.000109,1626.127833
5356.145971,0.000635,-0.000484,1364.301116
5356.718017,0.000211,-0.000104,1686.922758
5357.131046,0.000650,-0.000502,1387.958287
5357.703591,0.000273,-0.000143,1725.181195
5358.115688,0.000345,-0.000202,1269.846448
5358.688333,0.000163,-0.000115,1725.181195
5359.100426,0.000441,-0.000314,1225.708602
5359.672701,0.000151,-0.000118,1759.931804
5360.084924,0.000716,-0.000522,1272.050802
5360.657659,0.000150,-0.000116,1857.526954
5361.068702,0.000291,-0.000149,1319.715342
5361.641795,0.000158,-0.000108,2109.325624
5362.053206,0.000547,-0.000427,1319.715342
5362.626067,0.000146,-0.000111,2119.604963
5363.038096,0.000568,-0.000444,1319.715342
5363.610768,0.000191,-0.000100,2109.325624
5364.022781,0.000254,-0.000107,1379.932212
5364.595174,0.000302,-0.000086,2109.325624
