5662.794069,0.000175,-0.000088,2047.069364
5663.178056,0.000638,-0.000506,921.978482
5669.584794,0.000203,0.000000,70790.527549
5669.637613,0.000310,-0.000099,6869.144875
5669.690520,0.000340,-0.000133,4062.132793
5669.743305,0.000438,-0.000242,4062.132793
5669.795986,0.000596,-0.000374,4062.132793
5669.849059,0.000555,-0.000367,4062.132793
5669.902687,0.000243,-0.000041,1175.491500
5669.955160,0.000505,-0.000308,1800.579784
5669.961535,0.000343,-0.000130,1800.579784
5670.174609,0.000122,0.000000,49163.775467
5670.226935,0.000097,0.000005,7026.026650
5670.278988,0.000101,0.000022,7026.026650
5670.330932,0.000084,0.000017,8028.054854
5670.382785,0.000085,0.000029,8028.054854
5670.435493,0.000104,0.000034,9572.567159
5670.487616,0.000105,0.000022,9572.567159
5670.539631,0.000106,0.000026,10408.956801
5670.543737,0.000117,0.000026,10408.956801
5670.945620,0.000282,-0.000074,4062.132793
5671.528819,0.000111,0.000052,10408.956801
5671.930449,0.000393,-0.000159,4062.132793
5672.514035,0.000180,-0.000023,10733.134205
5672.914798,0.000241,-0.000026,4062.132793
5673.498561,0.000227,-0.000054,10733.134205
5673.898917,0.000695,-0.000445,4062.132793
5674.483685,0.000378,-0.000140,10733.134205
5674.883105,0.000565,-0.000385,4062.132793
5675.469207,0.000160,-0.000190,10733.134205
5675.870072,0.000589,-0.000417,2759.052723
5676.457849,0.000095,-0.000159,10733.134205
5676.858843,0.000204,-0.000015,2759.052723
5677.442021,0.000127,-0.000103,10733.134205
5677.843102,0.002653,-0.002471,2759.052723
5678.430212,0.000104,-0.000093,10733.134205
5678.830215,0.000493,-0.000302,2712.859924
5679.418230,0.000101,-0.000066,10733.134205
5679.818295,0.000466,-0.000264,2523.564915
5680.406317,0.000133,-0.000065,10408.956801
5680.806471,0.000379,-0.000174,2805.245522
5681.390909,0.000168,-0.000051,10408.956801
5681.791280,0.000477,-0.000274,2527.702784
5682.378502,0.000179,-0.000047,10408.956801
5682.776327,0.000521,-0.000308,2619.743703
5683.366288,0.000102,-0.000062,10161.364954
5683.760559,0.000373,-0.000168,2871.231719
5684.354396,0.000109,-0.000045,9327.184824
5684.744742,0.000240,-0.000056,2350.982999
5685.342331,0.000124,-0.000049,9109.826832
5685.733109,0.002533,-0.002310,2261.553009
5686.326273,0.000112,-0.000028,6427.467078
5686.717367,0.000428,-0.000219,2337.377267
5687.314407,0.000136,-0.000035,5153.479775
5687.706062,0.000654,-0.000444,2133.093374
5688.301279,0.000200,-0.000031,3798.795651
5688.686714,0.000284,-0.000085,1692.059781
5689.286228,0.000150,-0.000058,3543.886362
5689.674610,0.000305,-0.000100,1762.191267
5690.270616,0.000141,-0.000064,3368.169305
5690.659479,0.000374,-0.000173,1532.538663
5691.646417,0.000410,-0.000227,1602.670149
5692.239163,0.000124,-0.000049,3368.169305
5692.634322,0.000431,-0.000255,1692.059781
5693.223663,0.000139,-0.000035,3377.708203
5693.622566,0.000324,-0.000113,1488.237210
5694.208692,0.000189,-0.000027,3377.708203
5694.610606,0.000309,-0.000100,1147.669946
5695.193597,0.000137,-0.000046,3017.860352
5695.598584,0.000328,-0.000125,1016.574226
5696.177806,0.000125,-0.000057,3178.816562
5696.586512,0.000365,-0.000172,1016.574226
5697.162223,0.000135,-0.000039,2631.094678
5697.571338,0.000473,-0.000273,1016.574226
5698.146835,0.000139,-0.000045,2684.921094
5698.558546,0.000352,-0.000156,776.281180
5699.131574,0.000183,-0.000034,2684.921094
5699.542600,0.000282,-0.000093,1016.574226
5700.115710,0.000110,-0.000055,2607.228112
5700.527356,0.000433,-0.000230,992.993701
5701.102542,0.000121,-0.000057,2444.360647
5701.512318,0.000453,-0.000250,799.861705
5702.090576,0.000115,-0.000048,1626.782850
5702.496872,0.000202,-0.000001,775.624036
5703.075279,0.000137,-0.000038,1597.264233
5703.481994,0.000619,-0.000399,775.624036
5704.062482,0.000150,-0.000034,1597.264233
5704.467153,0.000566,-0.000361,752.043511
5705.046609,0.000150,-0.000035,1919.135481
5705.454670,0.000289,-0.000095,775.624036
5706.030618,0.000149,-0.000030,1850.803312
5706.442542,0.000350,-0.000153,565.446211
5707.014986,0.000182,0.000000,1850.803312
5707.426982,0.000667,-0.000436,565.446211
5707.999053,0.000139,-0.000051,1919.135481
5708.417665,0.000340,-0.000124,610.436479
5708.984285,0.000170,-0.000042,1850.803312
5709.399580,0.000329,-0.000133,565.446211
5709.970856,0.000148,-0.000050,1756.268016
5710.386742,0.000247,-0.000054,565.446211
5710.958855,0.000148,-0.000037,1657.976178
5711.374823,0.000221,-0.000010,707.053243
5711.943508,0.000924,-0.000785,1694.896031
5712.359576,0.000306,-0.000103,707.053243
5712.927832,0.000131,-0.000061,1694.896031
5713.344314,0.000429,-0.000233,732.149216
5713.914788,0.000109,-0.000066,1678.575034
5714.331478,0.000416,-0.000197,732.149216
5714.902800,0.000119,-0.000048,1559.027378
5715.315518,0.000420,-0.000195,766.986425
5715.887556,0.000162,-0.000046,1756.268016
5716.302806,0.000189,-0.000003,721.996157
5716.874859,0.000142,-0.000064,1519.612153
5717.290690,0.000244,-0.000057,554.310423
5717.859519,0.000152,-0.000053,1484.101513
5718.275504,0.000361,-0.000162,554.310423
5718.844504,0.000197,-0.000022,1581.692409
5719.259718,0.000261,-0.000082,519.997518
5719.829210,0.000167,-0.000052,1589.326478
5720.244838,0.000221,-0.000019,752.043511
5720.813956,0.000135,-0.000064,1660.895319
5721.234302,0.000484,-0.000282,855.449251
5721.798099,0.000169,-0.000072,1569.346398
5722.219324,0.000477,-0.000279,944.986744
5722.782858,0.000152,-0.000048,1541.816767
5723.203898,0.000166,-0.000009,989.977012
5723.771103,0.000147,-0.000048,1378.732939
5724.188914,0.000638,-0.000470,944.986744
5724.755404,0.000165,-0.000033,1450.301780
5725.173801,0.000229,-0.000061,844.851973
5726.158867,0.000158,-0.000008,979.111429
5726.723991,0.000130,-0.000071,1464.925895
5727.143031,0.000575,-0.000420,811.425695
5727.708885,0.000121,-0.000071,1721.180691
5728.127279,0.000506,-0.000335,979.111429
5728.693030,0.000154,-0.000048,1458.021905
5729.111876,0.000189,-0.000024,1011.658137
5729.677913,0.000142,-0.000043,1453.860689
5730.096942,0.000613,-0.000458,1011.658137
5730.662206,0.000126,-0.000061,1710.115485
5731.081776,0.000242,-0.000071,944.672198
5731.646363,0.000150,-0.000035,1453.860689
5732.066758,0.000254,-0.000039,944.672198
5732.631280,0.000274,0.000020,1426.640537
5733.052566,0.000351,-0.000183,955.598591
5733.619357,0.000125,-0.000096,1412.016422
5734.039233,0.000484,-0.000322,1080.662018
5734.607217,0.000114,-0.000093,1333.945098
5735.023448,0.000372,-0.000215,930.969188
5735.595515,0.000178,-0.000060,1426.640537
5736.008425,0.000415,-0.000231,940.331358
